Campaign,Ad Group,Keyword,Criterion Type,Final URL
Search - TCG Speed Shipper,TCGplayer labels,tcgplayer shipping labels,Exact,https://tcgspeedshipper.com/
Search - TCG Speed Shipper,TCGplayer labels,tcgplayer shipping label,Exact,https://tcgspeedshipper.com/
Search - TCG Speed Shipper,TCGplayer labels,print tcgplayer shipping labels,Phrase,https://tcgspeedshipper.com/
Search - TCG Speed Shipper,TCGplayer labels,tcgplayer label printer,Exact,https://tcgspeedshipper.com/
Search - TCG Speed Shipper,TCGplayer labels,tcgplayer shipping label template,Exact,https://tcgspeedshipper.com/
Search - TCG Speed Shipper,TCGplayer labels,tcgplayer labels,Exact,https://tcgspeedshipper.com/
Search - TCG Speed Shipper,TCGplayer labels,how to print tcgplayer shipping labels,Phrase,https://tcgspeedshipper.com/
Search - TCG Speed Shipper,TCGplayer labels,tcgplayer address labels,Phrase,https://tcgspeedshipper.com/
Search - TCG Speed Shipper,Packing slips with card lists,tcgplayer packing slip,Exact,https://tcgspeedshipper.com/
Search - TCG Speed Shipper,Packing slips with card lists,tcgplayer packing slips,Exact,https://tcgspeedshipper.com/
Search - TCG Speed Shipper,Packing slips with card lists,print tcgplayer packing slips,Phrase,https://tcgspeedshipper.com/
Search - TCG Speed Shipper,Packing slips with card lists,tcgplayer packing slip template,Exact,https://tcgspeedshipper.com/
Search - TCG Speed Shipper,Packing slips with card lists,tcgplayer packing list,Exact,https://tcgspeedshipper.com/
Search - TCG Speed Shipper,Packing slips with card lists,tcgplayer packing slip pdf,Phrase,https://tcgspeedshipper.com/
Search - TCG Speed Shipper,PWE and envelopes,pwe shipping labels,Phrase,https://tcgspeedshipper.com/
Search - TCG Speed Shipper,PWE and envelopes,print addresses on envelopes from csv,Exact,https://tcgspeedshipper.com/
Search - TCG Speed Shipper,PWE and envelopes,trading card envelope labels,Phrase,https://tcgspeedshipper.com/
Search - TCG Speed Shipper,PWE and envelopes,avery 5160 from csv,Exact,https://tcgspeedshipper.com/
Search - TCG Speed Shipper,PWE and envelopes,plain white envelope trading cards,Phrase,https://tcgspeedshipper.com/
Search - TCG Speed Shipper,PWE and envelopes,print envelopes from csv,Phrase,https://tcgspeedshipper.com/
Search - TCG Speed Shipper,PWE and envelopes,how many stamps to mail a trading card,Phrase,https://tcgspeedshipper.com/
Search - TCG Speed Shipper,Card shipping tools,tcgplayer shipping tool,Exact,https://tcgspeedshipper.com/
Search - TCG Speed Shipper,Card shipping tools,tcgplayer shipping software,Exact,https://tcgspeedshipper.com/
Search - TCG Speed Shipper,Card shipping tools,card seller shipping software,Phrase,https://tcgspeedshipper.com/
Search - TCG Speed Shipper,Card shipping tools,trading card shipping software,Exact,https://tcgspeedshipper.com/
Search - TCG Speed Shipper,Card shipping tools,shipping labels for card sellers,Phrase,https://tcgspeedshipper.com/
Search - TCG Speed Shipper,Card shipping tools,tcgplayer seller tools,Phrase,https://tcgspeedshipper.com/
