Campaign,Keyword,Criterion Type
Search - TCG Speed Shipper,login,Campaign negative phrase
Search - TCG Speed Shipper,log in,Campaign negative phrase
Search - TCG Speed Shipper,sign in,Campaign negative phrase
Search - TCG Speed Shipper,customer service,Campaign negative phrase
Search - TCG Speed Shipper,phone number,Campaign negative phrase
Search - TCG Speed Shipper,careers,Campaign negative phrase
Search - TCG Speed Shipper,jobs,Campaign negative phrase
Search - TCG Speed Shipper,salary,Campaign negative phrase
Search - TCG Speed Shipper,refund,Campaign negative phrase
Search - TCG Speed Shipper,where is my order,Campaign negative phrase
Search - TCG Speed Shipper,track my order,Campaign negative phrase
Search - TCG Speed Shipper,buyer protection,Campaign negative phrase
Search - TCG Speed Shipper,buylist,Campaign negative phrase
Search - TCG Speed Shipper,sell my cards,Campaign negative phrase
Search - TCG Speed Shipper,sell cards to tcgplayer,Campaign negative phrase
Search - TCG Speed Shipper,price guide,Campaign negative phrase
Search - TCG Speed Shipper,prices,Campaign negative phrase
Search - TCG Speed Shipper,coupon,Campaign negative phrase
Search - TCG Speed Shipper,promo code,Campaign negative phrase
Search - TCG Speed Shipper,app store,Campaign negative phrase
Search - TCG Speed Shipper,download app,Campaign negative phrase
Search - TCG Speed Shipper,reddit,Campaign negative phrase
Search - TCG Speed Shipper,scam,Campaign negative phrase
Search - TCG Speed Shipper,stock,Campaign negative phrase
Search - TCG Speed Shipper,ups store,Campaign negative phrase
Search - TCG Speed Shipper,fedex,Campaign negative phrase
Search - TCG Speed Shipper,label maker,Campaign negative phrase
Search - TCG Speed Shipper,dymo software,Campaign negative phrase
Search - TCG Speed Shipper,wedding,Campaign negative phrase
Search - TCG Speed Shipper,address labels for christmas cards,Campaign negative phrase
